{"name":"@emotion/react@^11.0.0-rc.0","import":"lib","externalDependencies":{"react@17.0.2":["default"],"@emotion/cache@11.5.0":["default"],"@emotion/weak-memoize@0.2.5":["default"],"hoist-non-react-statics@3.3.2":["default"],"@emotion/utils@1.1.0":["default"],"@emotion/serialize@1.0.2":["default"],"@emotion/sheet@1.1.0":["default"],"object-assign@4.1.1":["default"],"stylis@4.0.13":["default"],"@emotion/memoize@0.7.5":["default"],"react-is@17.0.2":["default"],"@emotion/hash@0.8.0":["default"],"@emotion/unitless@0.7.5":["default"]}}