{"name":"@mui/styles@5.2.1","import":"lib","externalDependencies":{"@mui/utils@5.4.4":["default"],"jss-plugin-rule-value-function@10.9.0":["default"],"jss-plugin-global@10.9.0":["default"],"jss-plugin-nested@10.9.0":["default"],"jss-plugin-camel-case@10.9.0":["default"],"jss-plugin-default-unit@10.9.0":["default"],"jss-plugin-vendor-prefixer@10.9.0":["default"],"jss-plugin-props-sort@10.9.0":["default"],"react@17.0.2":["default"],"jss@10.9.0":["default"],"clsx@1.1.1":["default"],"prop-types@15.8.1":["default"],"hoist-non-react-statics@3.3.2":["default"],"object-assign@4.1.1":["default"],"react-is@17.0.2":["default"],"tiny-warning@1.0.3":["default"],"is-in-browser@1.1.3":["default"],"hyphenate-style-name@1.0.4":["default"],"css-vendor@2.0.8":["default"]}}