{
    "bundledDependencies": {
        "@mui/base/ClickAwayListener": [
            "default"
        ],
        "react/jsx-runtime": [
            "default"
        ],
        "@mui/base/NoSsr": [
            "default"
        ],
        "@mui/base/ModalUnstyled": [
            "default"
        ],
        "@mui/base/TextareaAutosize": [
            "default"
        ],
        "@mui/base/composeClasses": [
            "default"
        ],
        "@mui/base/BackdropUnstyled": [
            "default"
        ],
        "@mui/base/BadgeUnstyled": [
            "default"
        ],
        "@mui/base/PopperUnstyled": [
            "default"
        ],
        "@mui/base/SliderUnstyled": [
            "default"
        ],
        "@mui/base/AutocompleteUnstyled": [
            "default"
        ],
        "@popperjs/core": [
            "default"
        ]
    },
    "libSize": 566293,
    "importerSize": 65051,
    "maxChunkSize": 214309,
    "chunksSumSize": 1334519
}